{"1": [[0.3964587450027466, -0.1884249597787857, -0.18488146364688873]], "2": [[0.5905269980430603, -0.24943366646766663, -0.26254692673683167]], "3": [[0.42430344223976135, -0.19556641578674316, -0.19500300288200378]], "4": [[0.32054758071899414, -0.157278910279274, -0.15092028677463531]], "5": [[0.3464122414588928, -0.17098493874073029, -0.1655207723379135]], "6": [[0.49411922693252563, -0.22365285456180573, -0.22667676210403442]], "7": [[0.4862124025821686, -0.217617005109787, -0.22403860092163086]], "8": [[0.36804288625717163, -0.17687243223190308, -0.17254160344600677]], "9": [[0.34610703587532043, -0.16617600619792938, -0.16529740393161774]], "10": [[1.6804943084716797, -0.6691749095916748, -0.6807244420051575]], "11": [[0.3740137815475464, -0.17651672661304474, -0.17066797614097595]], "12": [[0.3600153923034668, -0.17450754344463348, -0.17154958844184875]], "13": [[0.3405240476131439, -0.1650751382112503, -0.1579323559999466]], "14": [[0.3039107322692871, -0.15200185775756836, -0.14742214977741241]], "15": [[0.41641145944595337, -0.19775114953517914, -0.19368018209934235]], "16": [[0.35637813806533813, -0.17089232802391052, -0.1675056666135788]], "17": [[0.38508543372154236, -0.17227333784103394, -0.16942985355854034]], "18": [[0.3069092035293579, -0.15325495600700378, -0.1468372493982315]], "19": [[0.32840287685394287, -0.1606181114912033, -0.15605169534683228]], "20": [[0.4320397675037384, -0.19874346256256104, -0.2008066028356552]], "21": [[0.39696186780929565, -0.18846647441387177, -0.18361569941043854]], "22": [[0.4182842969894409, -0.193552628159523, -0.19471368193626404]], "23": [[0.3976132273674011, -0.1870782971382141, -0.18471473455429077]]}